{"cameraMode":{"drawMode":0,"name":"Shaded","section":"Shading Mode"},"sceneLighting":false,"audioPlay":false,"sceneViewState":{"showFog":true,"showMaterialUpdate":false,"showSkybox":true,"showFlares":true,"showImageEffects":true,"showParticleSystems":true},"in2DMode":false,"pivot":{"x":-0.19937506318092347,"y":-16.346860885620118,"z":49.89374923706055},"rotation":{"x":0.25818297266960146,"y":-0.17219921946525575,"z":0.0468258298933506,"w":0.949471652507782},"size":175.54388427734376,"orthographic":false}