{"cameraMode":{"drawMode":0,"name":"Shaded","section":"Shading Mode"},"sceneLighting":false,"audioPlay":false,"sceneViewState":{"showFog":true,"showMaterialUpdate":false,"showSkybox":true,"showFlares":true,"showImageEffects":true,"showParticleSystems":true},"in2DMode":false,"pivot":{"x":355.2752380371094,"y":787.1339111328125,"z":1927.3560791015625},"rotation":{"x":0.09448571503162384,"y":-0.24036963284015656,"z":0.023514706641435624,"w":0.9657856822013855},"size":3.7952535152435304,"orthographic":false}